,date,ride_starting_time,origin,destination,total_price_brl,dynamic_price,distance_in_meters,duration_in_seconds,data_time_merged,parsed_datatime,raw_ride_price,profit
0,"Monday, June 12th, 2023",07:36,Jardim Sao Marcos, Centro,11.63,0.0,6000, 721,"Monday, June 12th, 2023 07:36",2023-06-12 07:36:00,1.836842105263158,9.793157894736844
1,"Monday, June 12th, 2023",11:26,Vila Cordula, Centro,5.51,0.0,1800, 427,"Monday, June 12th, 2023 11:26",2023-06-12 11:26:00,0.5510526315789475,4.958947368421052
2,"Monday, June 12th, 2023",11:40,Centro, Gaivota,31.36,0.0,8400, 1534,"Monday, June 12th, 2023 11:40",2023-06-12 11:40:00,2.571578947368421,28.788421052631577
3,"Monday, June 12th, 2023",12:12,Vista Alegre, Vila Diniz,8.26,0.0,3500, 466,"Monday, June 12th, 2023 12:12",2023-06-12 12:12:00,1.0714912280701756,7.188508771929824
4,"Monday, June 12th, 2023",17:03,15090-120, Jardim Herculano,10.19,0.0,3600, 1007,"Monday, June 12th, 2023 17:03",2023-06-12 17:03:00,1.102105263157895,9.087894736842104
5,"Tuesday, June 13th, 2023",07:23,Parque Residencial Mansur Daud, Jardim Marajo,17.08,0.0,9600, 952,"Tuesday, June 13th, 2023 07:23",2023-06-13 07:23:00,2.938947368421053,14.141052631578946
6,"Tuesday, June 13th, 2023",07:40,Sao Deocleciano, Jardim Santa Maria,14.25,0.0,7500, 1040,"Tuesday, June 13th, 2023 07:40",2023-06-13 07:40:00,2.296052631578948,11.953947368421051
7,"Tuesday, June 13th, 2023",09:28,Jardim Conceicao, Centro,7.96,0.0,3400, 630,"Tuesday, June 13th, 2023 09:28",2023-06-13 09:28:00,1.0408771929824563,6.919122807017544
8,"Tuesday, June 13th, 2023",11:20,Alto Rio Preto, Bela Vista,16.33,0.0,8500, 1389,"Tuesday, June 13th, 2023 11:20",2023-06-13 11:20:00,2.6021929824561405,13.727807017543858
9,"Tuesday, June 13th, 2023",11:20,Alto Rio Preto, Bela Vista,16.33,0.0,8500, 1389,"Tuesday, June 13th, 2023 11:20",2023-06-13 11:20:00,2.6021929824561405,13.727807017543858
10,"Tuesday, June 13th, 2023",12:28,Santa Cruz, Sao Deocleciano,11.61,0.0,5700, 720,"Tuesday, June 13th, 2023 12:28",2023-06-13 12:28:00,1.7450000000000003,9.864999999999998
11,"Tuesday, June 13th, 2023",14:12,15055-410, Santa Cruz,7.57,0.0,3000, 543,"Tuesday, June 13th, 2023 14:12",2023-06-13 14:12:00,0.918421052631579,6.651578947368421
12,"Tuesday, June 13th, 2023",14:59,15091-210, Boa Vista,8.54,0.0,3300, 755,"Tuesday, June 13th, 2023 14:59",2023-06-13 14:59:00,1.010263157894737,7.529736842105262
13,"Tuesday, June 13th, 2023",16:12,15091-210, Boa Vista,7.17,0.0,3200, 636,"Tuesday, June 13th, 2023 16:12",2023-06-13 16:12:00,0.9796491228070177,6.190350877192982
14,"Tuesday, June 13th, 2023",16:49,Jardim Santa Maria, Parque Jaguare,16.02,0.0,8600, 924,"Tuesday, June 13th, 2023 16:49",2023-06-13 16:49:00,2.63280701754386,13.38719298245614
15,"Tuesday, June 13th, 2023",17:28,Jardim Santa Maria, Parque Jaguare,9.8,0.0,4600, 837,"Tuesday, June 13th, 2023 17:28",2023-06-13 17:28:00,1.4082456140350876,8.391754385964912
16,"Wednesday, June 14th, 2023",07:19,Vila Toninho, Jardim Maracana,18.58,0.0,10100, 913,"Wednesday, June 14th, 2023 07:19",2023-06-14 07:19:00,3.092017543859649,15.48798245614035
17,"Wednesday, June 14th, 2023",07:37,15091-320, Vila Mayor,14.83,0.0,7300, 1190,"Wednesday, June 14th, 2023 07:37",2023-06-14 07:37:00,2.2348245614035087,12.595175438596492
18,"Wednesday, June 14th, 2023",10:44,Parque Juruti, Vila Nossa Senhora da Paz,13.5,0.0,7100, 1126,"Wednesday, June 14th, 2023 10:44",2023-06-14 10:44:00,2.17359649122807,11.32640350877193
19,"Wednesday, June 14th, 2023",11:33,Boa Vista, Boa Vista,6.06,0.0,400, 125,"Wednesday, June 14th, 2023 11:33",2023-06-14 11:33:00,0.12245614035087721,5.937543859649122
20,"Wednesday, June 14th, 2023",11:43,Boa Vista, Residencial Nato Vetorasso,14.31,0.0,7400, 935,"Wednesday, June 14th, 2023 11:43",2023-06-14 11:43:00,2.2654385964912285,12.044561403508773
21,"Wednesday, June 14th, 2023",12:04,Residencial Nato Vetorasso, Belvedere,25.36,2.25,20300, 1422,"Wednesday, June 14th, 2023 12:04",2023-06-14 12:04:00,6.214649122807018,19.145350877192982
22,"Wednesday, June 14th, 2023",12:33,Vila Sao Jorge, Centro,19.29,1.5,9700, 1241,"Wednesday, June 14th, 2023 12:33",2023-06-14 12:33:00,2.969561403508772,16.32043859649123
23,"Wednesday, June 14th, 2023",13:07,Centro, Bela Vista,22.37,0.0,10700, 1660,"Wednesday, June 14th, 2023 13:07",2023-06-14 13:07:00,3.275701754385965,19.094298245614034
24,"Wednesday, June 14th, 2023",15:29,15076-760, 15051-355,16.31,0.0,9100, 788,"Wednesday, June 14th, 2023 15:29",2023-06-14 15:29:00,2.7858771929824564,13.524122807017543
25,"Wednesday, June 14th, 2023",16:36,Parque Industrial, Schimidt,24.31,0.0,14700, 1693,"Wednesday, June 14th, 2023 16:36",2023-06-14 16:36:00,4.500263157894737,19.809736842105263
26,"Wednesday, June 14th, 2023",17:38,Centro, 15047-279,18.38,2.0,7700, 1781,"Wednesday, June 14th, 2023 17:38",2023-06-14 17:38:00,2.3572807017543864,16.02271929824561
27,"Thursday, June 15th, 2023",07:39,Jardim Nazareth, Centro,19.15,8.0,4900, 1320,"Thursday, June 15th, 2023 07:39",2023-06-15 07:39:00,1.5000877192982458,17.649912280701752
28,"Thursday, June 15th, 2023",09:01,Vila Ideal, Parque Residencial Damha,6.87,0.0,2700, 347,"Thursday, June 15th, 2023 09:01",2023-06-15 09:01:00,0.8265789473684212,6.043421052631579
29,"Thursday, June 15th, 2023",09:42,Jardim Vale do Sol, Jardim Santa Maria,14.29,0.0,7100, 1050,"Thursday, June 15th, 2023 09:42",2023-06-15 09:42:00,2.17359649122807,12.11640350877193
30,"Thursday, June 15th, 2023",10:18,Gaivota, Joao Paulo II,11.99,0.0,6500, 758,"Thursday, June 15th, 2023 10:18",2023-06-15 10:18:00,1.9899122807017546,10.000087719298246
31,"Thursday, June 15th, 2023",11:34,Vila Redentora, 15092-601,10.06,0.0,4700, 637,"Thursday, June 15th, 2023 11:34",2023-06-15 11:34:00,1.4388596491228072,8.621140350877193
32,"Thursday, June 15th, 2023",11:48,Vila Aeroporto, 15054-000,13.07,0.0,6000, 1031,"Thursday, June 15th, 2023 11:48",2023-06-15 11:48:00,1.836842105263158,11.233157894736841
33,"Thursday, June 15th, 2023",12:38,Jardim Santa Rosa II, Jardim Aclimacao,22.95,2.5,11900, 1067,"Thursday, June 15th, 2023 12:38",2023-06-15 12:38:00,3.643070175438597,19.3069298245614
34,"Thursday, June 15th, 2023",13:04,Jardim Vivendas, Centro,10.13,0.0,4500, 787,"Thursday, June 15th, 2023 13:04",2023-06-15 13:04:00,1.3776315789473685,8.752368421052632
35,"Thursday, June 15th, 2023",13:23,Vila Redentora, Taraf II,8.64,0.0,3300, 517,"Thursday, June 15th, 2023 13:23",2023-06-15 13:23:00,1.010263157894737,7.629736842105263
36,"Thursday, June 15th, 2023",14:38,Vila Toninho, Boa Vista,16.01,0.0,8000, 821,"Thursday, June 15th, 2023 14:38",2023-06-15 14:38:00,2.449122807017544,13.560877192982458
37,"Thursday, June 15th, 2023",15:10,Jardim Morumbi, Centro,9.38,0.0,3300, 856,"Thursday, June 15th, 2023 15:10",2023-06-15 15:10:00,1.010263157894737,8.369736842105263
38,"Thursday, June 15th, 2023",15:31,Centro, Vila Sao Jose,6.49,0.0,2300, 566,"Thursday, June 15th, 2023 15:31",2023-06-15 15:31:00,0.7041228070175438,5.785877192982456
39,"Thursday, June 15th, 2023",15:57,Sao Francisco, Jardim Nunes,20.41,0.0,11600, 1769,"Thursday, June 15th, 2023 15:57",2023-06-15 15:57:00,3.551228070175439,16.858771929824563
40,"Thursday, June 15th, 2023",16:38,Conjunto Habitacional Sao Jose do Rio Preto, Centro,13.54,0.0,6800, 859,"Thursday, June 15th, 2023 16:38",2023-06-15 16:38:00,2.0817543859649126,11.458245614035086
41,"Thursday, June 15th, 2023",17:01,Vila Redentora, Jardim Alto Alegre,11.76,0.0,5100, 952,"Thursday, June 15th, 2023 17:01",2023-06-15 17:01:00,1.5613157894736842,10.198684210526316
42,"Thursday, June 15th, 2023",17:26,Boa Vista, Jardim Morumbi,11.6,0.0,5300, 1339,"Thursday, June 15th, 2023 17:26",2023-06-15 17:26:00,1.6225438596491228,9.977456140350878
43,"Thursday, June 15th, 2023",17:57,Jardim Walkiria, Jardim Nunes,22.54,0.0,11200, 2798,"Thursday, June 15th, 2023 17:57",2023-06-15 17:57:00,3.4287719298245616,19.111228070175436
44,"Friday, June 16th, 2023",07:19,Sao Deocleciano, Centro,14.27,3.5,5000, 870,"Friday, June 16th, 2023 07:19",2023-06-16 07:19:00,1.5307017543859651,12.739298245614034
45,"Friday, June 16th, 2023",07:41,Centro, Vila Sao Jose,7.98,0.0,3200, 664,"Friday, June 16th, 2023 07:41",2023-06-16 07:41:00,0.9796491228070177,7.000350877192982
46,"Friday, June 16th, 2023",07:58,15085-440, 15035-110,12.89,0.0,7500, 984,"Friday, June 16th, 2023 07:58",2023-06-16 07:58:00,2.296052631578948,10.593947368421052
47,"Friday, June 16th, 2023",08:32,Jardim Maracana, Jardim Seyon,16.89,0.0,8200, 1180,"Friday, June 16th, 2023 08:32",2023-06-16 08:32:00,2.5103508771929826,14.379649122807018
48,"Friday, June 16th, 2023",08:57,Jardim do Bosque, Jardim Redentor,12.96,0.0,6500, 1095,"Friday, June 16th, 2023 08:57",2023-06-16 08:57:00,1.9899122807017546,10.970087719298245
49,"Friday, June 16th, 2023",11:16,Centro, Vila Ideal,6.95,0.0,2600," 488,","Friday, June 16th, 2023 11:16",2023-06-16 11:16:00,0.7959649122807019,6.154035087719298
50,"Friday, June 16th, 2023",11:47,Vila Maceno, Esplanada,7.7,0.0,3000, 544,"Friday, June 16th, 2023 11:47",2023-06-16 11:47:00,0.918421052631579,6.781578947368422
51,"Friday, June 16th, 2023",11:59,Boa Vista, Jardim Nunes,13.52,0.0,6700, 961,"Friday, June 16th, 2023 11:59",2023-06-16 11:59:00,2.0511403508771933,11.468859649122805
52,"Friday, June 16th, 2023",12:35,Boa Vista, Vila Italia,10.85,0.0,5000, 867,"Friday, June 16th, 2023 12:35",2023-06-16 12:35:00,1.5307017543859651,9.319298245614034
53,"Friday, June 16th, 2023",12:55,Vila Aeroporto, Vila Sao Jose,7.01,0.0,2600, 674,"Friday, June 16th, 2023 12:55",2023-06-16 12:55:00,0.7959649122807019,6.214035087719298
54,"Friday, June 16th, 2023",13:09,Vila Sao Jose, Vila Elvira,13.96,0.0,7100, 775,"Friday, June 16th, 2023 13:09",2023-06-16 13:09:00,2.17359649122807,11.786403508771931
55,"Friday, June 16th, 2023",15:20,Centro, Jardim Alto Alegre,5.96,0.0,2200, 388,"Friday, June 16th, 2023 15:20",2023-06-16 15:20:00,0.6735087719298247,5.286491228070175
56,"Friday, June 16th, 2023",16:02,Vila Imperial, Parque Res. Dom Lafaiete Libanio,14.4,0.0,6900, 1200,"Friday, June 16th, 2023 16:02",2023-06-16 16:02:00,2.112368421052632,12.28763157894737
57,"Friday, June 16th, 2023",16:45,Centro, Jardim Alto Alegre,10.79,0.0,4700, 971,"Friday, June 16th, 2023 16:45",2023-06-16 16:45:00,1.4388596491228072,9.351140350877191
58,"Friday, June 16th, 2023",17:16,Centro, Jardim Alto Alegre,8.38,1.0,2800, 367,"Friday, June 16th, 2023 17:16",2023-06-16 17:16:00,0.8571929824561404,7.52280701754386
59,"Friday, June 16th, 2023",17:33,Estancia Santa Helena, Jardim Maria Lucia,19.98,0.0,10800, 1376,"Friday, June 16th, 2023 17:33",2023-06-16 17:33:00,3.3063157894736848,16.673684210526314
60,"Friday, June 16th, 2023",18:18,Centro, Vila Toninho,20.01,2.5,7500, 992,"Friday, June 16th, 2023 18:18",2023-06-16 18:18:00,2.296052631578948,17.713947368421053
61,"Monday, June 19th, 2023",07:00,Parque Residencial Mansur Daud, Jardim Marajo,12.93,1.0,6500, 714,"Monday, June 19th, 2023 07:00",2023-06-19 07:00:00,1.9899122807017546,10.940087719298244
62,"Monday, June 19th, 2023",07:27,Parque Residencial da Solidariedade, Gaivota,20.8,3.0,9800, 1209,"Monday, June 19th, 2023 07:27",2023-06-19 07:27:00,3.0001754385964916,17.799824561403508
63,"Monday, June 19th, 2023",08:06,Estancia Santa Helena, Jardim America,9.11,0.0,4400, 448,"Monday, June 19th, 2023 08:06",2023-06-19 08:06:00,1.3470175438596494,7.7629824561403495
64,"Monday, June 19th, 2023",08:33,Jardim Conceicao, Vila Sao Jose,12.65,0.0,6100, 857,"Monday, June 19th, 2023 08:33",2023-06-19 08:33:00,1.8674561403508774,10.782543859649124
65,"Monday, June 19th, 2023",09:00,Santos Dumont, Higienopolis,9.67,0.0,4300, 774,"Monday, June 19th, 2023 09:00",2023-06-19 09:00:00,1.31640350877193,8.35359649122807
66,"Monday, June 19th, 2023",11:30,Boa Vista, Vila Toninho,16.11,0.0,8100, 1026,"Monday, June 19th, 2023 11:30",2023-06-19 11:30:00,2.4797368421052632,13.630263157894737
67,"Monday, June 19th, 2023",11:52,Vila Toninho, Bairro Iguatemi,19.81,0.0,11800, 975,"Monday, June 19th, 2023 11:52",2023-06-19 11:52:00,3.612456140350878,16.19754385964912
68,"Monday, June 19th, 2023",13:37,Schimidt, Santos Dumont,21.74,0.0,13000, 920,"Monday, June 19th, 2023 13:37",2023-06-19 13:37:00,3.9798245614035093,17.76017543859649
69,"Monday, June 19th, 2023",14:54,Vila Redentora, Jardim Antonieta,14.13,0.0,6800, 1105,"Monday, June 19th, 2023 14:54",2023-06-19 14:54:00,2.0817543859649126,12.048245614035089
70,"Monday, June 19th, 2023",15:42,Universitario, Vila Santa Cruz,8.66,0.0,3600, 669,"Monday, June 19th, 2023 15:42",2023-06-19 15:42:00,1.102105263157895,7.557894736842105
71,"Monday, June 19th, 2023",15:55,Vila Santo Antonio, Parque Residencial Damha,13.15,0.0,7000, 702,"Monday, June 19th, 2023 15:55",2023-06-19 15:55:00,2.142982456140351,11.00701754385965
72,"Monday, June 19th, 2023",16:26,Vila Bom Jesus, Jardim Marajo,13.73,0.0,6700, 742,"Monday, June 19th, 2023 16:26",2023-06-19 16:26:00,2.0511403508771933,11.678859649122806
73,"Monday, June 19th, 2023",16:38,Roseiral, Sao Deocleciano,11.12,0.0,5500, 532,"Monday, June 19th, 2023 16:38",2023-06-19 16:38:00,1.6837719298245615,9.436228070175439
74,"Monday, June 19th, 2023",17:05,Jardim Primavera, Centro,13.4,0.0,7000, 834,"Monday, June 19th, 2023 17:05",2023-06-19 17:05:00,2.142982456140351,11.25701754385965
75,"Monday, June 19th, 2023",17:24,Santa Cruz, Nova Redentora,8.14,0.0,3500, 752,"Monday, June 19th, 2023 17:24",2023-06-19 17:24:00,1.0714912280701756,7.0685087719298245
76,"Monday, June 19th, 2023",18:01,Parque Quinta das Paineiras, Vila Toninho,10.29,0.0,5000, 727,"Monday, June 19th, 2023 18:01",2023-06-19 18:01:00,1.5307017543859651,8.759298245614033
77,"Wednesday, June 21st, 2023",07:14,Schimidt, Vila Sinibaldi,21.02,0.0,11200, 909,"Wednesday, June 21st, 2023 07:14",2023-06-21 07:14:00,3.4287719298245616,17.59122807017544
78,"Wednesday, June 21st, 2023",07:38,Bom Jardim, 15091-060,6.64,0.0,2600, 435,"Wednesday, June 21st, 2023 07:38",2023-06-21 07:38:00,0.7959649122807019,5.8440350877192975
79,"Wednesday, June 21st, 2023",08:51,Tarraf II, Chacara Municipal,8.32,0.0,3700, 544,"Wednesday, June 21st, 2023 08:51",2023-06-21 08:51:00,1.1327192982456142,7.187280701754386
80,"Wednesday, June 21st, 2023",11:37,Centro, Vila Sao Pedro,6.33,0.0,2200, 463,"Wednesday, June 21st, 2023 11:37",2023-06-21 11:37:00,0.6735087719298247,5.656491228070175
81,"Wednesday, June 21st, 2023",11:51,Vila Sao Jose, Centro,10.52,0.0,4100, 675,"Wednesday, June 21st, 2023 11:51",2023-06-21 11:51:00,1.2551754385964913,9.264824561403508
82,"Wednesday, June 21st, 2023",14:26,Higienopolis, Solo Sagrado,17.49,0.0,7800, 1436,"Wednesday, June 21st, 2023 14:26",2023-06-21 14:26:00,2.3878947368421053,15.102105263157894
83,"Wednesday, June 21st, 2023",15:08,Jardim Alto Rio Preto, Jardim Fuscaldo,11.15,0.0,5100, 923,"Wednesday, June 21st, 2023 15:08",2023-06-21 15:08:00,1.5613157894736842,9.588684210526317
84,"Wednesday, June 21st, 2023",16:07,15081-510, Higienopolis,9.34,0.0,2800, 408,"Wednesday, June 21st, 2023 16:07",2023-06-21 16:07:00,0.8571929824561404,8.482807017543859
85,"Wednesday, June 21st, 2023",16:23,Redentor, Vila Elvira,9.85,0.0,4300, 707,"Wednesday, June 21st, 2023 16:23",2023-06-21 16:23:00,1.31640350877193,8.533596491228069
86,"Wednesday, June 21st, 2023",16:43,Vila Redentora, Jardim Morumbi,8.0,0.0,2600, 506,"Wednesday, June 21st, 2023 16:43",2023-06-21 16:43:00,0.7959649122807019,7.204035087719298
87,"Wednesday, June 21st, 2023",17:00,Jardim Panorama, Sao Francisco,9.26,0.0,3900, 638,"Wednesday, June 21st, 2023 17:00",2023-06-21 17:00:00,1.1939473684210526,8.066052631578946
88,"Wednesday, June 21st, 2023",17:16,Vila Sinibaldi, Parque das Amoras II,25.68,0.0,14900, 1550,"Wednesday, June 21st, 2023 17:16",2023-06-21 17:16:00,4.561491228070176,21.118508771929825
89,"Thursday, June 22nd, 2023",07:33,Higienopolis, Jardim Panorama,6.08,0.0,2400, 405,"Thursday, June 22nd, 2023 07:33",2023-06-22 07:33:00,0.7347368421052632,5.3452631578947365
90,"Thursday, June 22nd, 2023",07:47,Jardim Bosque da Saude, Boa Vista,8.17,0.0,3300, 616,"Thursday, June 22nd, 2023 07:47",2023-06-22 07:47:00,1.010263157894737,7.1597368421052625
91,"Thursday, June 22nd, 2023",08:09,Conjunto Habitacional Costa do Sol, Jardim Vivendas,16.68,0.0,8600, 1364,"Thursday, June 22nd, 2023 08:09",2023-06-22 08:09:00,2.63280701754386,14.04719298245614
92,"Thursday, June 22nd, 2023",08:38,Jardim Vivendas, Bom Jardim,7.72,0.0,3400, 511,"Thursday, June 22nd, 2023 08:38",2023-06-22 08:38:00,1.0408771929824563,6.679122807017544
93,"Thursday, June 22nd, 2023",09:17,Cidade Nova, Jardim Canaa,9.55,0.0,4100, 745,"Thursday, June 22nd, 2023 09:17",2023-06-22 09:17:00,1.2551754385964913,8.294824561403509
94,"Thursday, June 22nd, 2023",09:49,Vila Maceno, Jardim Nunes,17.49,1.0,9500, 805,"Thursday, June 22nd, 2023 09:49",2023-06-22 09:49:00,2.9083333333333337,14.581666666666665
95,"Thursday, June 22nd, 2023",10:17,Residencial Três Marias, 15053-753,16.95,0.0,9700, 711,"Thursday, June 22nd, 2023 10:17",2023-06-22 10:17:00,2.969561403508772,13.980438596491227
96,"Thursday, June 22nd, 2023",10:42,Nova Redentora, Parque Residencial Mansur Daud,7.3,0.0,3500, 471,"Thursday, June 22nd, 2023 10:42",2023-06-22 10:42:00,1.0714912280701756,6.228508771929825
97,"Thursday, June 22nd, 2023",11:04,Parque Residencial Mansur Daud, Vila Redentora,7.38,0.0,3300, 516,"Thursday, June 22nd, 2023 11:04",2023-06-22 11:04:00,1.010263157894737,6.369736842105263
98,"Thursday, June 22nd, 2023",11:17,Vila Redentora, Vila Redentora,5.58,0.0,600, 142,"Thursday, June 22nd, 2023 11:17",2023-06-22 11:17:00,0.1836842105263158,5.396315789473684
99,"Thursday, June 22nd, 2023",11:33,Jardim Morumbi, Jardim Alto Alegre,14.6,0.0,7600, 1275,"Thursday, June 22nd, 2023 11:33",2023-06-22 11:33:00,2.3266666666666667,12.273333333333333
100,"Thursday, June 22nd, 2023",11:55,Jardim Municipal, Redentor,14.7,0.0,8100, 647,"Thursday, June 22nd, 2023 11:55",2023-06-22 11:55:00,2.4797368421052632,12.220263157894736
101,"Thursday, June 22nd, 2023",12:39,Boa Vista, Vila Ercilia,7.43,0.0,2800, 583,"Thursday, June 22nd, 2023 12:39",2023-06-22 12:39:00,0.8571929824561404,6.572807017543859
102,"Thursday, June 22nd, 2023",14:01,Sao Manoel, Jardim Panorama,5.76,0.0,1500, 300,"Thursday, June 22nd, 2023 14:01",2023-06-22 14:01:00,0.4592105263157895,5.30078947368421
103,"Thursday, June 22nd, 2023",14:10,Jardim Tarraf, Vila Sao Jose,5.76,0.0,2000, 311,"Thursday, June 22nd, 2023 14:10",2023-06-22 14:10:00,0.612280701754386,5.1477192982456135
104,"Thursday, June 22nd, 2023",14:24,Nova Redentora, Higienopolis,5.51,0.0,1700, 362,"Thursday, June 22nd, 2023 14:24",2023-06-22 14:24:00,0.5204385964912281,4.989561403508771
105,"Thursday, June 22nd, 2023",15:02,Bairro Iguatemi, Vila Sao Joao,8.0,0.0,3800, 344,"Thursday, June 22nd, 2023 15:02",2023-06-22 15:02:00,1.1633333333333333,6.836666666666667
106,"Thursday, June 22nd, 2023",16:30,Tarraf II, Tarraf II,5.51,0.0,1800, 257,"Thursday, June 22nd, 2023 16:30",2023-06-22 16:30:00,0.5510526315789475,4.958947368421052
107,"Thursday, June 22nd, 2023",16:43,Centro, Vila Clementina,16.02,0.0,6900, 1424,"Thursday, June 22nd, 2023 16:43",2023-06-22 16:43:00,2.112368421052632,13.907631578947367
108,"Thursday, June 22nd, 2023",17:29,Gaivota, Vila Imperial,19.37,0.0,10800, 1109,"Thursday, June 22nd, 2023 17:29",2023-06-22 17:29:00,3.3063157894736848,16.063684210526315
109,"Thursday, June 22nd, 2023",17:54,Centro, Lealdade e Amizade,20.96,0.0,10900, 1711,"Thursday, June 22nd, 2023 17:54",2023-06-22 17:54:00,3.336929824561404,17.623070175438595
110,"Friday, June 23rd, 2023",06:57,Schimidt, Jardim Vivendas,37.14,0.0,19300, 2648,"Friday, June 23rd, 2023 06:57",2023-06-23 06:57:00,5.908508771929825,31.231491228070176
111,"Friday, June 23rd, 2023",07:48,Jardim Vivendas, Centro,10.04,0.0,4300, 663,"Friday, June 23rd, 2023 07:48",2023-06-23 07:48:00,1.31640350877193,8.723596491228069
112,"Friday, June 23rd, 2023",08:16,Jardim Conceicao, Rod. Assis Chateaubriand,18.88,0.0,10700, 915,"Friday, June 23rd, 2023 08:16",2023-06-23 08:16:00,3.275701754385965,15.604298245614034
113,"Friday, June 23rd, 2023",08:55,Jardim Santo Antonio, Vila Curti,20.08,2.25,9300, 1319,"Friday, June 23rd, 2023 08:55",2023-06-23 08:55:00,2.847105263157895,17.232894736842102
114,"Friday, June 23rd, 2023",09:22,Jardim Alto Rio Preto, Vila Sao Jose,5.81,0.0,2200, 372,"Friday, June 23rd, 2023 09:22",2023-06-23 09:22:00,0.6735087719298247,5.136491228070175
115,"Friday, June 23rd, 2023",11:02,Vila Sao Joao, Centro,9.66,0.0,4000, 915,"Friday, June 23rd, 2023 11:02",2023-06-23 11:02:00,1.224561403508772,8.435438596491228
116,"Friday, June 23rd, 2023",11:21,Centro, Sao Francisco,9.86,0.0,4400, 676,"Friday, June 23rd, 2023 11:21",2023-06-23 11:21:00,1.3470175438596494,8.51298245614035
117,"Friday, June 23rd, 2023",11:45,Vila Sao Jose, Centro,6.08,0.0,2000, 637,"Friday, June 23rd, 2023 11:45",2023-06-23 11:45:00,0.612280701754386,5.467719298245614
118,"Friday, June 23rd, 2023",12:00,Centro, Schimidt,21.96,0.0,12900, 1207,"Friday, June 23rd, 2023 12:00",2023-06-23 12:00:00,3.94921052631579,18.010789473684213
119,"Friday, June 23rd, 2023",13:46,Fraternidade 2, Schimidt,10.84,0.0,4900, 594,"Friday, June 23rd, 2023 13:46",2023-06-23 13:46:00,1.5000877192982458,9.339912280701753
120,"Friday, June 23rd, 2023",14:16,Parque Residencial Damha, Centro,15.59,0.0,8200, 1141,"Friday, June 23rd, 2023 14:16",2023-06-23 14:16:00,2.5103508771929826,13.079649122807018
121,"Friday, June 23rd, 2023",14:48,Centro, Eldorado,9.13,0.0,4100, 661,"Friday, June 23rd, 2023 14:48",2023-06-23 14:48:00,1.2551754385964913,7.87482456140351
122,"Friday, June 23rd, 2023",15:32,Parque Residencial Damha, Jardim Fuscaldo,9.9,2.25,3500, 454,"Friday, June 23rd, 2023 15:32",2023-06-23 15:32:00,1.0714912280701756,8.828508771929824
123,"Friday, June 23rd, 2023",16:04,Residencial Quinta do Lago, Sao Deocleciano,10.4,0.0,4900, 496,"Friday, June 23rd, 2023 16:04",2023-06-23 16:04:00,1.5000877192982458,8.899912280701754
124,"Friday, June 23rd, 2023",16:26,Gaivota, Res. Caetano,23.54,0.0,13200, 1454,"Friday, June 23rd, 2023 16:26",2023-06-23 16:26:00,4.041052631578948,19.49894736842105
125,"Friday, June 23rd, 2023",17:15,Jardim Yolanda, Jardim Residencial Vetorasso,18.54,1.0,9100, 1245,"Friday, June 23rd, 2023 17:15",2023-06-23 17:15:00,2.7858771929824564,15.754122807017543
126,"Friday, June 23rd, 2023",17:15,Parque Industrial, Belvedere,18.41,0.0,8300, 1369,"Friday, June 23rd, 2023 17:15",2023-06-23 17:15:00,2.5409649122807023,15.869035087719297
127,"Monday, June 26th, 2023",07:02,Jardim Sao Marcos, Vila Lisboa,13.79,0.0,8500, 815,"Monday, June 26th, 2023 07:02",2023-06-26 07:02:00,2.6021929824561405,11.187807017543859
128,"Monday, June 26th, 2023",07:19,Vila Anchieta, Chacara Municipal,13.04,0.0,6100, 1044,"Monday, June 26th, 2023 07:19",2023-06-26 07:19:00,1.8674561403508774,11.172543859649121
129,"Monday, June 26th, 2023",07:42,Higienopolis, Jardim Paulista,11.98,0.0,6200, 700,"Monday, June 26th, 2023 07:42",2023-06-26 07:42:00,1.8980701754385967,10.081929824561403
130,"Monday, June 26th, 2023",08:06,Jardim Tarraf, Centro,9.3,0.0,4000, 615,"Monday, June 26th, 2023 08:06",2023-06-26 08:06:00,1.224561403508772,8.075438596491228
131,"Monday, June 26th, 2023",08:20,Lot. Clube V, Vila Bom Jesus,11.55,0.0,5200, 749,"Monday, June 26th, 2023 08:20",2023-06-26 08:20:00,1.5919298245614038,9.958070175438596
132,"Monday, June 26th, 2023",08:53,15061-000, 15020-080,10.8,0.0,5300, 882,"Monday, June 26th, 2023 08:53",2023-06-26 08:53:00,1.6225438596491228,9.177456140350877
133,"Monday, June 26th, 2023",09:16,Vila Imperial, 15025-010,6.51,0.0,2500, 414,"Monday, June 26th, 2023 09:16",2023-06-26 09:16:00,0.7653508771929826,5.744649122807017
134,"Monday, June 26th, 2023",09:31,Santos Dumont, Vila Sao Jose,5.85,0.0,2400, 554,"Monday, June 26th, 2023 09:31",2023-06-26 09:31:00,0.7347368421052632,5.115263157894736
135,"Monday, June 26th, 2023",10:24,Loteamento Clube V, Jardim Herculano,10.99,0.0,5900, 746,"Monday, June 26th, 2023 10:24",2023-06-26 10:24:00,1.806228070175439,9.18377192982456
136,"Monday, June 26th, 2023",10:46,Santos Dumont, Jardim Nazareth,15.28,1.0,6900, 1047,"Monday, June 26th, 2023 10:46",2023-06-26 10:46:00,2.112368421052632,13.167631578947368
137,"Monday, June 26th, 2023",11:11,Parque das Flores, Vila Sinibaldi,14.36,0.0,6300, 853,"Monday, June 26th, 2023 11:11",2023-06-26 11:11:00,1.928684210526316,12.431315789473683
138,"Monday, June 26th, 2023",12:39,Schimidt, Vila Zilda,22.88,0.0,12900, 1246,"Monday, June 26th, 2023 12:39",2023-06-26 12:39:00,3.94921052631579,18.930789473684207
139,"Monday, June 26th, 2023",13:14,Centro, Jardim Soraia,9.73,0.0,3900, 735,"Monday, June 26th, 2023 13:14",2023-06-26 13:14:00,1.1939473684210526,8.536052631578947
140,"Monday, June 26th, 2023",13:49,Vila Sao Jose, Higienopolis,6.75,0.0,2100, 377,"Monday, June 26th, 2023 13:49",2023-06-26 13:49:00,0.6428947368421053,6.107105263157894
141,"Monday, June 26th, 2023",14:53,Nova Redentora, Bady Bassitt,20.58,0.0,12900, 1047,"Monday, June 26th, 2023 14:53",2023-06-26 14:53:00,3.94921052631579,16.63078947368421
142,"Monday, June 26th, 2023",15:45,Vila Santa Cruz, Vila Sao Joao,10.02,0.0,4500, 934,"Monday, June 26th, 2023 15:45",2023-06-26 15:45:00,1.3776315789473685,8.64236842105263
143,"Monday, June 26th, 2023",16:04,Jardim Panorama, Jardim Sao Marcos,12.0,0.0,5900, 433,"Monday, June 26th, 2023 16:04",2023-06-26 16:04:00,1.806228070175439,10.19377192982456
144,"Monday, June 26th, 2023",16:26,Vila Redentora, Jardim Vivendas,11.57,0.0,4200, 801,"Monday, June 26th, 2023 16:26",2023-06-26 16:26:00,1.2857894736842106,10.284210526315789
145,"Monday, June 26th, 2023",16:45,Jardim Vivendas, Condominio Village Flamboyant,5.51,0.0,1900, 235,"Monday, June 26th, 2023 16:45",2023-06-26 16:45:00,0.5816666666666667,4.928333333333333
146,"Monday, June 26th, 2023",16:59,Jardim Morumbi, Schimidt,18.38,0.0,10100, 983,"Monday, June 26th, 2023 16:59",2023-06-26 16:59:00,3.092017543859649,15.28798245614035
147,"Monday, June 26th, 2023",17:38,"Av. Jose Vieira Machado Junior, SN - Sem Bairro", Bairro Iguatemi,24.71,1.25,14100, 1134,"Monday, June 26th, 2023 17:38",2023-06-26 17:38:00,4.316578947368422,20.39342105263158
148,"Tuesday, June 27th, 2023",07:09,Conjunto Habitacional Sao Jose do Rio Preto, Bairro Redentora,15.68,0.0,9600, 1259,"Tuesday, June 27th, 2023 07:09",2023-06-27 07:09:00,2.938947368421053,12.741052631578947
149,"Tuesday, June 27th, 2023",07:39,Cedral, Jardim Morumbi,37.14,0.0,20100, 1306,"Tuesday, June 27th, 2023 07:39",2023-06-27 07:39:00,6.15342105263158,30.98657894736842
150,"Tuesday, June 27th, 2023",08:49,Vila Elmaz, Nova Redentora,19.39,0.0,9100, 1483,"Tuesday, June 27th, 2023 08:49",2023-06-27 08:49:00,2.7858771929824564,16.604122807017543
151,"Tuesday, June 27th, 2023",09:34,Higienopolis, Vila Aeroporto,12.91,0.0,6000, 759,"Tuesday, June 27th, 2023 09:34",2023-06-27 09:34:00,1.836842105263158,11.073157894736841
152,"Tuesday, June 27th, 2023",10:18,Centro, Centro,5.68,0.0,1500, 294,"Tuesday, June 27th, 2023 10:18",2023-06-27 10:18:00,0.4592105263157895,5.22078947368421
153,"Tuesday, June 27th, 2023",10:53,Vila Diniz, Centro,5.67,0.0,2000, 342,"Tuesday, June 27th, 2023 10:53",2023-06-27 10:53:00,0.612280701754386,5.057719298245614
154,"Tuesday, June 27th, 2023",11:37,Redentora, Jardim Paulista,9.21,0.0,3800, 568,"Tuesday, June 27th, 2023 11:37",2023-06-27 11:37:00,1.1633333333333333,8.046666666666667
155,"Tuesday, June 27th, 2023",11:55,Jardim dos Seixas, Jardim Vista Alegre,7.5,0.0,3200, 424,"Tuesday, June 27th, 2023 11:55",2023-06-27 11:55:00,0.9796491228070177,6.520350877192982
156,"Tuesday, June 27th, 2023",13:52,Fraternidade 2, Vila Aeroporto,26.2,3.0,14200, 820,"Tuesday, June 27th, 2023 13:52",2023-06-27 13:52:00,4.34719298245614,21.85280701754386
157,"Tuesday, June 27th, 2023",15:08,Jardim Fuscaldo, Vila Redentora,12.24,0.0,6300, 676,"Tuesday, June 27th, 2023 15:08",2023-06-27 15:08:00,1.928684210526316,10.311315789473685
158,"Tuesday, June 27th, 2023",15:36,Jardim Vivendas, Vila Bancarios,6.29,0.0,2300, 358,"Tuesday, June 27th, 2023 15:36",2023-06-27 15:36:00,0.7041228070175438,5.585877192982457
159,"Tuesday, June 27th, 2023",16:28,Gaivota, Distrito Industrial I,22.68,0.0,13300, 1181,"Tuesday, June 27th, 2023 16:28",2023-06-27 16:28:00,4.071666666666667,18.608333333333334
160,"Tuesday, June 27th, 2023",16:55,Jardim Novo Aeroporto, Bairro Novo Mundo,12.06,0.0,6700, 754,"Tuesday, June 27th, 2023 16:55",2023-06-27 16:55:00,2.0511403508771933,10.008859649122808
161,"Tuesday, June 27th, 2023",17:09,Vila Sao Jose, Jardim Nunes,22.22,0.0,17100, 1689,"Tuesday, June 27th, 2023 17:09",2023-06-27 17:09:00,5.235000000000001,16.985
162,"Wednesday, June 28th, 2023",07:24,Conjunto Habitacional Sao Jose do Rio Preto, Jardim Alto Alegre,10.94,0.0,3700, 374,"Wednesday, June 28th, 2023 07:24",2023-06-28 07:24:00,1.1327192982456142,9.807280701754385
163,"Wednesday, June 28th, 2023",07:36,Jardim Nazareth, Parque Sao Miguel,9.43,0.0,4400, 634,"Wednesday, June 28th, 2023 07:36",2023-06-28 07:36:00,1.3470175438596494,8.08298245614035
164,"Wednesday, June 28th, 2023",07:46,Sao Deocleciano, Santa Cruz,11.98,0.0,6000, 826,"Wednesday, June 28th, 2023 07:46",2023-06-28 07:46:00,1.836842105263158,10.143157894736841
165,"Wednesday, June 28th, 2023",09:09,Vila Sinibaldi, Centro,6.8,0.0,1600, 275,"Wednesday, June 28th, 2023 09:09",2023-06-28 09:09:00,0.48982456140350883,6.310175438596491
166,"Wednesday, June 28th, 2023",09:54,Centro, Boa Vista,5.62,0.0,2100, 581,"Wednesday, June 28th, 2023 09:54",2023-06-28 09:54:00,0.6428947368421053,4.9771052631578945
167,"Wednesday, June 28th, 2023",10:07,Boa Vista, Jardim Vivendas,12.0,0.0,5600, 885,"Wednesday, June 28th, 2023 10:07",2023-06-28 10:07:00,1.7143859649122808,10.285614035087718
168,"Wednesday, June 28th, 2023",10:31,Vila Redentora, Residencial Santa Ana,18.15,0.0,9600, 1291,"Wednesday, June 28th, 2023 10:31",2023-06-28 10:31:00,2.938947368421053,15.211052631578946
169,"Wednesday, June 28th, 2023",11:00,Jardim Suzana, Vila Redentora,11.22,0.0,5400, 697,"Wednesday, June 28th, 2023 11:00",2023-06-28 11:00:00,1.6531578947368424,9.566842105263158
170,"Wednesday, June 28th, 2023",11:17,Vila Redentora, Res. Jardins,13.55,0.0,6200, 890,"Wednesday, June 28th, 2023 11:17",2023-06-28 11:17:00,1.8980701754385967,11.651929824561403
171,"Wednesday, June 28th, 2023",12:32,Centro, Vila Redentora,6.2,0.0,2100, 671,"Wednesday, June 28th, 2023 12:32",2023-06-28 12:32:00,0.6428947368421053,5.5571052631578945
172,"Wednesday, June 28th, 2023",12:46,Vila Redentora, Boa Vista,7.36,0.0,2900, 655,"Wednesday, June 28th, 2023 12:46",2023-06-28 12:46:00,0.8878070175438597,6.472192982456141
173,"Wednesday, June 28th, 2023",15:57,Parque Residencial Damha, Vila Sinibaldi,12.36,0.0,6500, 771,"Wednesday, June 28th, 2023 15:57",2023-06-28 15:57:00,1.9899122807017546,10.370087719298244
174,"Wednesday, June 28th, 2023",16:19,Vila Sao Jose, Bady Bassitt,15.77,0.0,8800, 696,"Wednesday, June 28th, 2023 16:19",2023-06-28 16:19:00,2.694035087719299,13.0759649122807
175,"Wednesday, June 28th, 2023",16:53,Tarraf II, Santos Dumont,8.65,0.0,3800, 669,"Wednesday, June 28th, 2023 16:53",2023-06-28 16:53:00,1.1633333333333333,7.486666666666667
176,"Wednesday, June 28th, 2023",17:05,Vila Bancarios, Parque Residencial Romano Calil,12.47,0.0,6000, 658,"Wednesday, June 28th, 2023 17:05",2023-06-28 17:05:00,1.836842105263158,10.633157894736843
177,"Wednesday, June 28th, 2023",17:29,Jardim Soraia, Vila Fioresi,11.45,0.0,5900, 523,"Wednesday, June 28th, 2023 17:29",2023-06-28 17:29:00,1.806228070175439,9.64377192982456
178,"Wednesday, June 28th, 2023",17:38,Redentora, Sao Francisco,8.4,0.0,3000, 556,"Wednesday, June 28th, 2023 17:38",2023-06-28 17:38:00,0.918421052631579,7.481578947368421
179,"Wednesday, June 28th, 2023",17:55,Nova Redentora, Residencial Cidade Jardim,10.02,0.0,4700, 539,"Wednesday, June 28th, 2023 17:55",2023-06-28 17:55:00,1.4388596491228072,8.581140350877192
180,"Wednesday, June 28th, 2023",18:10,Residencial Cidade Jardim, Centro,11.23,1.25,5000, 756,"Wednesday, June 28th, 2023 18:10",2023-06-28 18:10:00,1.5307017543859651,9.699298245614035
181,"Wednesday, June 28th, 2023",18:33,Centro, Residencial Cidade Jardim,14.17,0.0,6700, 1327,"Wednesday, June 28th, 2023 18:33",2023-06-28 18:33:00,2.0511403508771933,12.118859649122808
182,"Thursday, June 29th, 2023",07:30,Belvedere, Jardim Paulista,11.46,0.0,5300, 668,"Thursday, June 29th, 2023 07:30",2023-06-29 07:30:00,1.6225438596491228,9.837456140350877
183,"Thursday, June 29th, 2023",07:39,Jardim America, Redentora,10.07,0.0,4600, 954,"Thursday, June 29th, 2023 07:39",2023-06-29 07:39:00,1.4082456140350876,8.661754385964912
184,"Thursday, June 29th, 2023",08:33,Jardim Sonia, Vila Nossa Senhora da Paz,9.12,0.0,4700, 742,"Thursday, June 29th, 2023 08:33",2023-06-29 08:33:00,1.4388596491228072,7.681140350877192
185,"Thursday, June 29th, 2023",10:20,Higienopolis, Vila Angelica,10.92,0.0,4900, 836,"Thursday, June 29th, 2023 10:20",2023-06-29 10:20:00,1.5000877192982458,9.419912280701753
186,"Thursday, June 29th, 2023",11:33,Jardim Walkiria, Vila Sinibaldi,5.66,0.0,2100, 314,"Thursday, June 29th, 2023 11:33",2023-06-29 11:33:00,0.6428947368421053,5.0171052631578945
187,"Thursday, June 29th, 2023",11:47,Jardim Walkiria, Vila Sinibaldi,6.16,0.0,2300, 420,"Thursday, June 29th, 2023 11:47",2023-06-29 11:47:00,0.7041228070175438,5.455877192982456
188,"Thursday, June 29th, 2023",12:03,Jardim Maracana, Centro,10.56,0.0,4200, 819,"Thursday, June 29th, 2023 12:03",2023-06-29 12:03:00,1.2857894736842106,9.27421052631579
189,"Thursday, June 29th, 2023",12:23,Parque Celeste, Jardim Santa Luzia,8.29,0.0,3300, 619,"Thursday, June 29th, 2023 12:23",2023-06-29 12:23:00,1.010263157894737,7.279736842105262
190,"Thursday, June 29th, 2023",15:08,Jardim Marajo, Higienopolis,20.01,0.0,11600, 1004,"Thursday, June 29th, 2023 15:08",2023-06-29 15:08:00,3.551228070175439,16.458771929824564
191,"Thursday, June 29th, 2023",15:35,Redentora, Jardim Nazareth,13.92,0.0,6800, 1070,"Thursday, June 29th, 2023 15:35",2023-06-29 15:35:00,2.0817543859649126,11.838245614035088
192,"Thursday, June 29th, 2023",16:05,Vila Elvira, Vila Boa Esperança,14.24,0.0,4600, 736,"Thursday, June 29th, 2023 16:05",2023-06-29 16:05:00,1.4082456140350876,12.831754385964913
193,"Thursday, June 29th, 2023",17:00,Parque Quinta das Paineiras, Jardim Morumbi,10.45,0.0,5000, 682,"Thursday, June 29th, 2023 17:00",2023-06-29 17:00:00,1.5307017543859651,8.919298245614034
194,"Thursday, June 29th, 2023",17:07,Jardim Morumbi, Parque Residencial Maria Zorita,16.29,0.0,7400, 1398,"Thursday, June 29th, 2023 17:07",2023-06-29 17:07:00,2.2654385964912285,14.02456140350877
195,"Thursday, June 29th, 2023",17:48,Jardim Canaa, Centro,6.74,0.0,2900, 561,"Thursday, June 29th, 2023 17:48",2023-06-29 17:48:00,0.8878070175438597,5.85219298245614
196,"Thursday, June 29th, 2023",18:00,Vila Bancarios, Vila Toninho,17.47,0.0,10200, 1633,"Thursday, June 29th, 2023 18:00",2023-06-29 18:00:00,3.1226315789473684,14.34736842105263
197,"Friday, June 30th, 2023",07:05,Estância Nossa Sra. de Fátima, Jardim Maracana,23.75,0.0,16900, 1606,"Friday, June 30th, 2023 07:05",2023-06-30 07:05:00,5.173771929824562,18.57622807017544
198,"Friday, June 30th, 2023",07:45,Higienopolis, Jardim Urano,6.39,0.0,2600, 415,"Friday, June 30th, 2023 07:45",2023-06-30 07:45:00,0.7959649122807019,5.5940350877192975
199,"Friday, June 30th, 2023",07:52,Jardim Urano, Vila Bom Jesus,6.85,0.0,2700, 576,"Friday, June 30th, 2023 07:52",2023-06-30 07:52:00,0.8265789473684212,6.023421052631578
200,"Friday, June 30th, 2023",08:15,Parque Estoril, Parque Estoril,5.51,0.0,1500, 269,"Friday, June 30th, 2023 08:15",2023-06-30 08:15:00,0.4592105263157895,5.05078947368421
201,"Friday, June 30th, 2023",08:23,Vila Nosso Senhor do Bonfim, Centro,9.07,0.0,3900, 805,"Friday, June 30th, 2023 08:23",2023-06-30 08:23:00,1.1939473684210526,7.876052631578948
202,"Friday, June 30th, 2023",08:40,Vila Anchieta, Centro,8.08,0.0,3300, 579,"Friday, June 30th, 2023 08:40",2023-06-30 08:40:00,1.010263157894737,7.069736842105263
203,"Friday, June 30th, 2023",09:33,Roseiral, Jardim Maracana,12.14,0.0,6300, 622,"Friday, June 30th, 2023 09:33",2023-06-30 09:33:00,1.928684210526316,10.211315789473684
204,"Friday, June 30th, 2023",10:33,Vila Sao Jose, Bela Vista,24.18,0.0,12900, 1881,"Friday, June 30th, 2023 10:33",2023-06-30 10:33:00,3.94921052631579,20.23078947368421
205,"Friday, June 30th, 2023",11:31,Vila Imperial, Vila Ercilia,7.29,0.0,2700, 537,"Friday, June 30th, 2023 11:31",2023-06-30 11:31:00,0.8265789473684212,6.4634210526315785
206,"Friday, June 30th, 2023",11:40,Vila Santa Cruz, Boa Vista,6.61,0.0,2700, 484,"Friday, June 30th, 2023 11:40",2023-06-30 11:40:00,0.8265789473684212,5.783421052631579
207,"Friday, June 30th, 2023",11:54,Parque Industrial, Vila Bancarios,7.83,0.0,2800, 608,"Friday, June 30th, 2023 11:54",2023-06-30 11:54:00,0.8571929824561404,6.972807017543859
208,"Friday, June 30th, 2023",12:07,Vila Bancarios, Vila Curti,5.51,0.0,1600, 345,"Friday, June 30th, 2023 12:07",2023-06-30 12:07:00,0.48982456140350883,5.020175438596491
209,"Friday, June 30th, 2023",12:20,Jardim Maria Candida, Vila Santa Cruz,11.03,0.0,5000, 973,"Friday, June 30th, 2023 12:20",2023-06-30 12:20:00,1.5307017543859651,9.499298245614034
210,"Friday, June 30th, 2023",14:20,Parque Estoril, Vila Sinibaldi,5.51,0.0,1100, 215,"Friday, June 30th, 2023 14:20",2023-06-30 14:20:00,0.33675438596491236,5.173245614035087
211,"Friday, June 30th, 2023",14:28,Jardim Europa, Boa Vista,8.12,0.0,3100, 502,"Friday, June 30th, 2023 14:28",2023-06-30 14:28:00,0.9490350877192983,7.1709649122807
212,"Friday, June 30th, 2023",16:14,Chacara Municipal, Parque Residencial Romano Calil,13.86,0.0,6200, 737,"Friday, June 30th, 2023 16:14",2023-06-30 16:14:00,1.8980701754385967,11.961929824561402
213,"Friday, June 30th, 2023",16:46,Vila Sao Judas Tadeu, Jardim Soraia,7.56,2.0,1400, 254,"Friday, June 30th, 2023 16:46",2023-06-30 16:46:00,0.4285964912280702,7.131403508771929
214,"Friday, June 30th, 2023",17:00,Vila Redentora, Lauriano Tebar,11.99,2.25,3300, 747,"Friday, June 30th, 2023 17:00",2023-06-30 17:00:00,1.010263157894737,10.979736842105263
215,"Friday, June 30th, 2023",17:18,Santos Dumont, Centro,8.96,0.0,2300, 507,"Friday, June 30th, 2023 17:18",2023-06-30 17:18:00,0.7041228070175438,8.255877192982457
216,"Friday, June 30th, 2023",17:31,Vila Redentora, Bom Jardim,6.32,0.0,2300, 546,"Friday, June 30th, 2023 17:31",2023-06-30 17:31:00,0.7041228070175438,5.615877192982456
217,"Friday, June 30th, 2023",17:47,Bom Jardim, Jardim Walkiria,7.26,1.75,1000, 277,"Friday, June 30th, 2023 17:47",2023-06-30 17:47:00,0.306140350877193,6.953859649122807
218,"Friday, June 30th, 2023",17:50,Boa Vista, Vila Sao Jose,9.25,1.5,4000, 642,"Friday, June 30th, 2023 17:50",2023-06-30 17:50:00,1.224561403508772,8.025438596491227
219,"Friday, June 30th, 2023",18:06,Nova Redentora, Jardim Maracana,11.27,5.5,2000, 535,"Friday, June 30th, 2023 18:06",2023-06-30 18:06:00,0.612280701754386,10.657719298245613
220,"Friday, June 30th, 2023",18:15,Parque Tecnológico, Vila Sao Jose,11.13,1.25,4700, 579,"Friday, June 30th, 2023 18:15",2023-06-30 18:15:00,1.4388596491228072,9.691140350877193
